model_name,accuracy,macro_f1,weighted_f1,train_rows,test_rows,num_classes
linear_svc_calibrated,0.93048128342246,0.8700359145285894,0.9279652076881658,747,187,3
logistic_regression,0.9090909090909091,0.8243216478510597,0.9111117465946028,747,187,3
multinomial_nb,0.8877005347593583,0.7998766092825499,0.8805766109202335,747,187,3
